Symbol,Name,Last,Change,%Chg,High,Low,Volume,Time
AAN,"Aaron's Inc",61.07,0.92,+1.53%,61.07,59.6,1123107,"16:06 ET"
ACC,"American Campus Communities Inc",47.45,0.29000000000001,+0.61%,47.46,47.03,571345,"16:02 ET"
ACHC,"Acadia Healthcr CO",33.85,0.07,+0.21%,34.24,33.62,718192,"16:06 ET"
ACIW,"Aci Worldwide Inc",32.87,0.09,+0.27%,32.92,32.68,507334,"16:01 ET"
ACM,"Aecom Technology Corp",33.42,0.22,+0.66%,33.57,33.26,824999,"16:02 ET"
ADNT,"Adient Plc",21.05,0.34,+1.64%,21.23,20.15,1708048,"16:02 ET"
AEO,"American Eagle Outfitters",17.07,0.47,+2.83%,17.19,16.31,9078510,"16:13 ET"
AFG,"American Financial Group",104.24,2.37,+2.33%,104.26,101.97,541984,"16:02 ET"
AGCO,"Agco Corp",72.33,0.94,+1.32%,72.69,71.18,690127,"16:02 ET"
ALE,"Allete Inc",84.73,0.049999999999997,+0.06%,85,84.06,123445,"16:02 ET"
ALEX,"Alexander and Baldwin Inc",23.63,0.09,+0.38%,23.84,23.49,329927,"16:02 ET"
AMCX,"Amc Networks Cl A",55.3,0.88,+1.62%,55.41,54.1,417797,"16:09 ET"
AMED,"Amedisys Inc",118.65,0.61,+0.52%,119.02,117.3,286160,"16:06 ET"
AN,"Autonation Inc",41.23,0.83,+2.05%,41.24,40.27,478919,"16:13 ET"
APY,"Apergy Corp",32.05,1.45,+4.74%,32.35,30.91,706327,"16:01 ET"
ARW,"Arrow Electronics",69.16,0.72,+1.05%,69.39,68.4,429927,"16:02 ET"
ASB,"Associated Banc-Corp",21.03,0.04,+0.19%,21.2,20.94,524554,"16:01 ET"
ASGN,"On Assignment",57.46,0.9,+1.59%,57.51,56.55,228388,"16:02 ET"
ASH,"Ashland Global Holdings Inc",80.09,0.67,+0.84%,81.22,79.75,1020081,"16:09 ET"
ATGE,"Adtalem Global Education Inc",44.25,0.07,+0.16%,44.47,44.03,326329,"16:02 ET"
ATI,"Allegheny Technologies Inc",24.32,0.34,+1.42%,24.32,23.84,626371,"16:02 ET"
ATR,Aptargroup,120.72,-0.90000000000001,-0.74%,122.1,120.31,166542,"16:02 ET"
AVNS,"Avanos Medical Inc",43.64,0.83,+1.94%,43.64,42.55,237042,"16:02 ET"
AVT,"Avnet Inc",44.42,0.08,+0.18%,44.85,43.99,428440,"16:06 ET"
AYI,"Acuity Brands Inc",135.51,1.88,+1.41%,135.96,132.57,198569,"16:09 ET"
BBBY,"Bed Bath & Beyond",12.29,0.09,+0.74%,12.38,12.02,4271668,"16:07 ET"
BC,"Brunswick Corp",44.59,0.5,+1.13%,45.14,44.12,1098779,"16:01 ET"
BCO,"Brink's Company",83.17,1.04,+1.27%,83.46,81.63,330369,"16:05 ET"
BDC,"Belden Inc",59.24,1.6,+2.78%,59.25,57.94,210791,"16:02 ET"
BHF,"Brighthouse Financial Inc",38.46,0.04,+0.10%,38.94,38.18,1274891,"16:09 ET"
BID,"Sotheby's Holdings",35.38,0.31,+0.88%,35.7,35.11,200079,"16:01 ET"
BIO,"Bio-Rad Laboratories",298.74,1.43,+0.48%,298.91,296.26,232791,"16:01 ET"
BKH,"Black Hills Corp",77.7,0.12,+0.15%,78.09,76.99,194138,"16:03 ET"
BLKB,"Blackbaud Inc",80.2,1.02,+1.29%,80.54,79.6,132861,"16:03 ET"
BMS,"Bemis Company",57.25,-0.83,-1.43%,58.88,57.11,9399900,06/10/19
BOH,"Bank of Hawaii Corp",80.42,0.43000000000001,+0.54%,80.86,80.04,135321,"16:02 ET"
BRO,"Brown & Brown",32.69,-0.16,-0.49%,32.98,32.47,604534,"16:02 ET"
BRX,"Brixmor Property Group Inc",18.22,0.31,+1.73%,18.24,17.89,2387405,"16:01 ET"
BXS,"Bancorpsouth Inc",28.27,0.12,+0.43%,28.54,28.14,355882,"16:02 ET"
BYD,"Boyd Gaming Corp",26.43,0.4,+1.54%,26.51,26.06,695042,"16:09 ET"
CABO,"Cable One Inc",1143.79,-19.13,-1.64%,1165.95,1137.26,63777,"16:01 ET"
CACI,"Caci International",203.99,0.22,+0.11%,206.75,203.31,227403,"16:03 ET"
CAKE,"Cheesecake Fact",45.55,0.21,+0.46%,46,45.22,711000,"16:03 ET"
CAR,"Avis Budget Group",32.66,1.98,+6.45%,33.11,30.33,2840309,"16:07 ET"
CARS,"Cars.com Inc",21.46,0.62,+2.98%,21.47,20.75,630056,"16:02 ET"
CASY,"Casey's General Stor",152.29,2.4,+1.60%,153.54,150.72,484845,"16:13 ET"
CATY,"Cathay Genl Bncp",34.72,0.13,+0.38%,35.01,34.38,257545,"16:01 ET"
CBRL,"Cracker Barrel",166.83,2.05,+1.24%,168.42,165.02,288787,"16:03 ET"
CBSH,"Commerce Bancshares",58.96,0.06,+0.10%,59.48,58.63,242403,"16:01 ET"
CBT,"Cabot Corp",46.94,0.11,+0.23%,47.62,46.77,377575,"16:02 ET"
CC,"Chemours Company",24.27,0.69,+2.93%,24.29,23.58,1167291,"16:02 ET"
CDK,"Cdk Global Inc",49.16,0,0.00%,49.52,48.84,395822,"16:06 ET"
CFR,"Cullen/Frost Bankers",92.96,0.14,+0.15%,94.25,92.71,145877,"16:02 ET"
CFX,"Colfax Corp",25.97,-0.1,-0.38%,26.54,25.83,2203088,"16:03 ET"
CGNX,"Cognex Cp",44.97,0.27,+0.60%,45.13,44.32,909486,"16:07 ET"
CHDN,"Churchill Downs IN",114.02,-0.37,-0.32%,115.64,113.25,183434,"16:01 ET"
CHE,"Chemed Inc",346.49,-1.05,-0.30%,349.19,344.21,50750,"16:02 ET"
CHFC,"Chemical Financial",39.14,0.42,+1.08%,39.37,38.71,390988,"16:04 ET"
CHK,"Chesapeake Energy Corp",1.83,0.07,+3.98%,1.86,1.75,54861301,"16:09 ET"
CIEN,"Ciena Corp",42.47,-0.54,-1.26%,43.25,42.37,2926146,"16:02 ET"
CLB,"Core Laboratories N.V.",49.6,1.18,+2.44%,49.79,48.63,669838,"16:02 ET"
CLGX,Corelogic,43.11,-0.29,-0.67%,43.69,42.96,371940,"16:02 ET"
CLH,"Clean Harbors",66.88,-0.26000000000001,-0.39%,67.64,66.44,117915,"16:02 ET"
CLI,"Mack-Cali Realty Corp",24.47,0.32,+1.33%,24.88,24.2,837219,"16:02 ET"
CMC,"Commercial Metals Company",15.2,0.36,+2.43%,15.36,14.62,1805336,"16:02 ET"
CMD,"Cantel Medical",75.59,0.27000000000001,+0.36%,75.86,74.71,231916,"16:02 ET"
CMP,"Compass Minerals Intl Inc",56.67,0.45,+0.80%,57.38,56.3,203654,"16:02 ET"
CNK,"Cinemark Holdings Inc",38.25,0.25,+0.66%,38.45,37.77,890045,"16:02 ET"
CNO,"Cno Financial Group",16.13,0.07,+0.44%,16.28,16.08,1117281,"16:02 ET"
CNX,"CNX Resources Corp",7.28,0.35,+5.05%,7.28,7.02,3708493,"16:02 ET"
COHR,"Coherent Inc",122.58,2.87,+2.40%,122.99,120.02,177890,"16:06 ET"
CONE,"Cyrusone Inc",58.68,-1.22,-2.04%,61.66,58,1088215,"16:07 ET"
COR,"Coresite Realty Corp",115.18,-0.25999999999999,-0.23%,116.02,114.39,275077,"16:02 ET"
CPE,"Callon Petroleum Company",6.19,0.02,+0.32%,6.33,6,9533418,"16:02 ET"
CPT,"Camden Property Trust",106.28,-0.039999999999992,-0.04%,106.7,105.72,375161,"16:02 ET"
CR,"Crane Company",81.43,1.12,+1.39%,82.19,80.39,260759,"16:02 ET"
CREE,"Cree Inc",57.95,1.13,+1.99%,58.12,56.88,977521,"16:06 ET"
CRI,"Carter's Inc",95.71,-0.040000000000006,-0.04%,97.24,94.85,665383,"16:02 ET"
CRL,"Charles River Laboratories Intl",131.97,-0.89000000000001,-0.67%,133.29,131.14,262886,"16:02 ET"
CRS,"Carpenter Technology Corp",44.66,0.009999999999998,+0.02%,45.39,44.3,155645,"16:02 ET"
CRUS,"Cirrus Logic Inc",41.66,0.22,+0.53%,42.02,41.33,272278,"16:07 ET"
CSL,"Carlisle Companies Inc",137.79,-0.20000000000002,-0.14%,138.79,136.95,214378,"16:02 ET"
CTLT,"Catalent Inc",50.32,0.8,+1.62%,50.34,49.07,789983,"16:02 ET"
CUZ,"Cousins Properties Inc",9.61,0.05,+0.52%,9.68,9.51,9488076,"16:03 ET"
CVET,"Covetrus Inc",25.23,0.26,+1.04%,25.37,24.7,818087,"16:01 ET"
CVLT,"Commvault Systems",48.12,0.28,+0.59%,48.32,47.72,536331,"16:07 ET"
CW,"Curtiss-Wright Corp",117.9,2.34,+2.02%,117.97,115.19,202060,"16:02 ET"
CXW,"Corecivic Inc",24,0.27,+1.14%,24.11,23.61,565243,"16:02 ET"
CY,"Cypress Semiconductor",22.15,0.01,+0.05%,22.2,22.11,9365346,"16:07 ET"
CZR,"Caesars Entertainment Corp",9.81,0.01,+0.10%,9.9,9.76,14509529,"16:07 ET"
DAN,"Dana Inc",16.95,0.21,+1.25%,17.06,16.73,1019277,"16:01 ET"
DCI,"Donaldson Company",49.74,0.43,+0.87%,49.95,49.09,335319,"16:02 ET"
DDS,Dillard's,58.32,1.13,+1.98%,59.26,57.12,358406,"16:13 ET"
DECK,"Deckers Outdoor Corp",176.19,3.89,+2.26%,176.8,173.28,625927,"16:09 ET"
DEI,"Douglas Emmett",41.56,0.33,+0.80%,41.65,41.18,916561,"16:01 ET"
DKS,"Dick's Sporting Goods Inc",33.37,-0.64,-1.88%,34.38,33.35,3379121,"16:13 ET"
DLPH,"Delphi Technologies Plc",18.11,0.32,+1.80%,18.32,17.16,1509094,"16:01 ET"
DLX,"Deluxe Corp",42.15,0.66,+1.59%,42.36,41.21,421664,"16:02 ET"
DNKN,"Dunkin' Brands Group",80.29,-0.44,-0.55%,81.28,80.01,764421,"16:07 ET"
DNOW,"Now Inc",13.87,0.36,+2.66%,13.92,13.69,528725,"16:02 ET"
DPZ,"Domino's Pizza Inc",281.29,-0.060000000000002,-0.02%,285.14,278.93,574532,"16:02 ET"
DY,"Dycom Industries",54.14,1.21,+2.29%,54.15,52.6,352816,"16:05 ET"
EAT,"Brinker International",40.15,-0.35,-0.86%,41.2,39.98,833160,"16:01 ET"
EGP,"Eastgroup Properties",115.87,0.27,+0.23%,116.18,115.24,269493,"16:03 ET"
EHC,"Encompass Health Corp",60.55,-0.050000000000004,-0.08%,60.78,59.89,378240,"16:02 ET"
EME,"Emcor Group",84.65,1.81,+2.18%,84.68,83.17,206403,"16:03 ET"
ENR,"Energizer Holdings Inc",43.22,0.54,+1.27%,43.72,42.5,813822,"16:01 ET"
ENS,"Enersys Inc",62.88,-0.29,-0.46%,64.09,62.61,227910,"16:02 ET"
EPC,"Edgewell Personal Care",30.98,0.67,+2.21%,31.2,30.46,583591,"16:02 ET"
EPR,"Entertainment Properties Trust",77.75,-0.11,-0.14%,78.25,77.44,458927,"16:02 ET"
EQT,"Eqt Corp",16.13,0.36,+2.28%,16.16,15.66,6095824,"16:01 ET"
ERI,"Eldorado Resorts",52.34,0.76,+1.47%,52.94,51.81,587258,"16:01 ET"
ESV,"Ensco Plc",7.35,0.19,+2.65%,7.46,7.07,10856512,"16:02 ET"
ETRN,"Equitrans Midstream Corp",19.8,0.030000000000001,+0.15%,20.06,19.6,876716,"16:02 ET"
EV,"Eaton Vance Corp",41.19,0.07,+0.17%,41.35,40.87,708386,"16:02 ET"
EVR,"Evercore Partners Inc",87.98,-0.34,-0.38%,89.36,87.49,241775,"16:09 ET"
EWBC,"East West Bancorp",43.76,0.26,+0.60%,44.45,43.38,1209200,"16:01 ET"
EXEL,"Exelixis Inc",19.91,-0.14,-0.70%,20.12,19.56,2675636,"16:15 ET"
EXP,"Eagle Materials Inc",88.23,2.55,+2.98%,88.28,85.65,643239,"16:02 ET"
FAF,"First American Corp",52.85,0.11,+0.21%,53,52.49,635202,"16:03 ET"
FDS,"Factset Research Systems Inc",296.88,-4.61,-1.53%,304.05,294.42,361175,"16:02 ET"
FFIN,"First Finl Bkshs Inc",29.6,0.09,+0.30%,29.92,29.44,221917,"16:01 ET"
FHN,"First Horizon National Corp",14.49,-0.02,-0.14%,14.61,14.38,3423854,"16:02 ET"
FICO,"Fair Isaac and Company Inc",311.67,0.19,+0.06%,314.87,310.07,110379,"16:02 ET"
FII,"Federated Investors",32.39,-0.18,-0.55%,32.82,32.29,386388,"16:02 ET"
FIVE,"Five Below Inc",132.2,1.31,+1.00%,132.84,129.38,747115,"16:13 ET"
FLO,"Flowers Foods",23.22,0.06,+0.26%,23.33,23.11,957314,"16:02 ET"
FNB,"F.N.B. Corp",11.43,-0.07,-0.61%,11.61,11.4,1471755,"16:03 ET"
FR,"First Industrial Realty Trust",36.64,0.11,+0.30%,36.83,36.52,651006,"16:02 ET"
FSLR,"First Solar Inc",62.15,2.27,+3.79%,62.56,60.75,1509919,"16:06 ET"
FULT,"Fulton Financial Cor",16.14,0.02,+0.12%,16.31,16.1,789750,"16:03 ET"
GATX,"GATX Corp",74.8,-0.07,-0.09%,75.42,74.2,334522,"16:01 ET"
GDOT,"Green Dot Corp",49.81,0.17,+0.34%,50.35,49.68,328044,"16:02 ET"
GEF,"Greif Bros. Corp",35.99,-0.019999999999996,-0.06%,36.67,35.73,407927,"16:02 ET"
GEO,"Geo Group Inc",23.68,0.39,+1.67%,23.7,23.28,694542,"16:03 ET"
GGG,"Graco Inc",49.76,-0.13,-0.26%,50.13,49.52,369123,"16:02 ET"
GHC,"Graham Holdings Company",702.63,-2,-0.28%,705.79,697,26303,"16:02 ET"
GMED,"Globus Medical Inc",41.7,0.61,+1.48%,41.71,40.9,360946,"16:02 ET"
GNTX,"Gentex Corp",23.77,-0.03,-0.13%,23.84,23.51,834781,"16:06 ET"
GNW,"Genworth Financial Inc",3.11,0.08,+2.64%,3.16,3.04,1943032,"16:05 ET"
GT,"Goodyear Tire Rubber",14.91,0.05,+0.34%,15.14,14.81,1853160,"16:07 ET"
GVA,"Granite Construction Inc",43.16,0.94,+2.23%,43.21,42.47,185557,"16:02 ET"
GWR,"Genesee & Wyoming",96.58,-0.82000000000001,-0.84%,98.31,96.14,277701,"16:02 ET"
HAE,"Haemonetics Corp",111.78,1.71,+1.55%,112.23,109.93,564194,"16:02 ET"
HAIN,"Hain Celestial Group",21.12,0.14,+0.67%,21.14,20.72,594968,"16:06 ET"
HCSG,"Healthcare Svcs Gp",33.16,0.51,+1.56%,33.18,32.5,400943,"16:05 ET"
HE,"Hawaiian Electric Industries",43.18,0.13,+0.30%,43.28,42.93,256889,"16:02 ET"
HELE,"Helen of Troy Ltd",136.47,0.35,+0.26%,137.18,134.75,121263,"16:01 ET"
HIW,"Highwoods Properties",44.47,0.51,+1.16%,44.5,43.94,440381,"16:02 ET"
HNI,"Hon Industries Inc",35.88,0.1,+0.28%,36.22,35.69,105889,"16:02 ET"
HOMB,"Home Bancshares Inc",18.73,0.07,+0.38%,18.88,18.6,546521,"16:01 ET"
HPT,"Hospitality Properites Trust",24.67,0.24,+0.98%,24.68,24.32,1197950,"16:15 ET"
HQY,Healthequity,71.97,2.96,+4.29%,71.97,69.01,706079,"16:14 ET"
HR,"Healthcare Realty Trust Inc",32.65,0.089999999999996,+0.28%,32.76,32.51,550956,"16:02 ET"
HRC,"Hill-Rom Holdings Inc",103.96,0.059999999999988,+0.06%,104.17,102.89,170996,"16:02 ET"
HUBB,"Hubbell Inc B",123.34,0.78,+0.64%,123.43,122.05,339983,"16:02 ET"
HWC,"Hancock Whitney Corp",39.79,-0.01,-0.03%,40.4,39.66,335220,"16:01 ET"
IART,"Integra Lifesciences",51.1,0.5,+0.99%,51.22,50.11,347740,"16:07 ET"
IBKR,"Interactive Brokers",54.54,1.28,+2.40%,54.54,51.77,345835,"16:10 ET"
IBOC,"Intl Bancshares",37.46,0.2,+0.54%,37.84,37.1,114786,"16:01 ET"
ICUI,"I C U Medical Inc",239.33,0.05,+0.02%,240.65,236.63,127946,"16:01 ET"
IDA,"Idacorp Inc",103.04,-0.83,-0.80%,104.34,102.55,286018,"16:09 ET"
IDCC,"Interdigital Inc",64.9,0.11,+0.17%,65.51,63.96,243367,"16:03 ET"
IEX,"Idex Corp",160.27,-0.030000000000001,-0.02%,160.93,158.3,281069,"16:02 ET"
INGN,"Inogen Inc",67.67,0.28,+0.42%,68.28,64.96,495904,"16:07 ET"
INGR,"Ingredion Inc",81.4,0.22,+0.27%,82.21,80.75,516345,"16:02 ET"
INT,"World Fuel Services Corp",33.36,0.19,+0.57%,33.81,33.15,616960,"16:03 ET"
ISCA,"Intl Speedway Cl A",45.08,-0.17,-0.38%,45.4,44.92,218140,"16:01 ET"
ITT,"ITT Inc",62.81,0.94,+1.52%,62.95,61.84,703911,"16:03 ET"
JACK,"Jack IN The Box Inc",85.65,-0.11,-0.13%,86.73,85.41,266923,"16:06 ET"
JBGS,"Jbg Smith Properties",40.85,0.82,+2.05%,40.86,40.12,432079,"16:08 ET"
JBL,"Jabil Circuit",26.98,0.030000000000001,+0.11%,27.28,26.84,805726,"16:02 ET"
JBLU,"Jetblue Airways Cp",19.44,0.2,+1.04%,19.68,19.25,6360397,"16:07 ET"
JCOM,"J2 Global Inc",86.65,0.32,+0.37%,87.03,85.81,180973,"16:06 ET"
JHG,"Janus Henderson Group Plc",21.47,0.04,+0.19%,21.63,21.31,1123167,"16:02 ET"
JLL,"Jones Lang Lasalle Inc",134.36,1.96,+1.48%,134.65,132,210228,"16:02 ET"
JW.A,"John Wiley Sons Cl A",45.7,-1.56,-3.30%,47.35,45.43,297978,"16:02 ET"
KBH,"KB Home",26.47,0.49,+1.89%,26.55,26.02,898231,"16:01 ET"
KBR,"KBR Inc",23.98,0.25,+1.05%,24.16,23.83,1019708,"16:01 ET"
KEX,"Kirby Corp",80.53,1.17,+1.47%,80.75,79.32,398688,"16:02 ET"
KMPR,"Kemper Corp",87.12,1.37,+1.60%,88.34,85.69,324981,"16:03 ET"
KMT,"Kennametal Inc",33.4,0.23,+0.69%,33.6,32.98,794018,"16:03 ET"
KNX,"Knight-Swift Transporation Inc",32.66,1.57,+5.05%,32.69,31.13,2759076,"16:03 ET"
KRC,"Kilroy Realty Corp",77.56,1.33,+1.74%,77.61,76.01,478960,"16:03 ET"
LAMR,"Lamar Advertis A",79.8,-0.54,-0.67%,80.6,79.3,277574,"16:07 ET"
LANC,"Lancaster Colony Cor",150.45,-1.11,-0.73%,153.19,149.7,118999,"16:07 ET"
LDOS,"Leidos Holdings Inc",78.42,-0.83,-1.05%,79.44,77.86,887246,"16:03 ET"
LECO,"Lincoln Elec Hldg",77.48,-0.76,-0.97%,78.89,76.71,650999,"16:07 ET"
LFUS,"Littelfuse Inc",174.3,2.27,+1.32%,174.53,172.04,124471,"16:01 ET"
LGND,"Ligand Pharm",113.78,3.45,+3.13%,114.16,109.68,262932,"16:06 ET"
LII,"Lennox International",277.19,-3.45,-1.23%,283.48,276.45,253806,"16:03 ET"
LITE,"Lumentum Hld",46.96,0.74,+1.60%,47.14,45.9,907026,"16:07 ET"
LIVN,"Livanova Plc OR Sh",72.39,-0.24,-0.33%,72.84,72.04,291306,"16:06 ET"
LM,"Legg Mason Inc",36.79,0.089999999999996,+0.25%,37.2,36.78,654305,"16:02 ET"
LOGM,"Logmein Inc",69.95,-0.85,-1.20%,70.93,69.81,333473,"16:07 ET"
LPT,"Liberty Property Trust",50.17,0.56,+1.13%,50.27,49.65,524465,"16:02 ET"
LPX,"Louisiana-Pacific Corp",24.87,0.27,+1.10%,24.89,24.43,2597025,"16:01 ET"
LSI,"Life Storage",98.24,0.27,+0.28%,98.3,97.57,280272,"16:05 ET"
LSTR,"Landstar System",104.83,2.21,+2.15%,105.16,102.47,556995,"16:07 ET"
LYV,"Live Nation Entertainment",64.25,0.86,+1.36%,64.3,63.47,499720,"16:02 ET"
MAN,"Manpower Inc",92.45,1.78,+1.96%,92.5,90.47,423717,"16:02 ET"
MANH,"Manhattan Assoc",68.51,-0.53,-0.77%,70.43,67.86,616568,"16:06 ET"
MASI,"Masimo Corp",144.54,0.22,+0.15%,145.63,143.67,220605,"16:07 ET"
MCY,"Mercury General Corp",60.45,0.62,+1.04%,60.63,59.75,269612,"16:02 ET"
MD,"Mednax Inc",26.39,0.46,+1.77%,26.51,25.83,383414,"16:02 ET"
MDP,"Meredith Corp",52.29,0.53,+1.02%,52.4,51.31,183913,"16:02 ET"
MDR,"McDermott International",7.71,0.17,+2.25%,7.85,7.59,3482213,"16:05 ET"
MDRX,"Allscripts Hlthcare",10.4,0.03,+0.29%,10.46,10.31,1133656,"16:06 ET"
MDSO,"Medidata Solutions",91.45,0.08,+0.09%,91.8,91.3,5737485,"16:07 ET"
MDU,"Mdu Res Group Inc",25.68,0.07,+0.27%,25.74,25.25,1624061,"16:09 ET"
MIK,"The Michaels Comp",8.87,0.63,+7.65%,8.9,8.23,2444203,"16:13 ET"
MKSI,"Mks Instruments Inc",73.64,-0.28,-0.38%,74.84,73.12,289623,"16:06 ET"
MKTX,"Marketaxess Holdings",317.67,-7.61,-2.34%,326.64,314.64,522634,"16:06 ET"
MLHR,"Miller Herman Inc",38.58,-0.2,-0.52%,39.11,38.55,290677,"16:07 ET"
MMS,"Maximus Inc",75.88,0.32,+0.42%,75.9,75.08,267748,"16:03 ET"
MNK,"Mallinckrodt Plc",9.85,0.53,+5.69%,9.96,9.41,2147336,"16:08 ET"
MOH,"Molina Healthcare Inc",148.08,0.17000000000002,+0.11%,148.81,145.79,458546,"16:02 ET"
MPW,"Medical Properties Trust",18.03,0.16,+0.90%,18.08,17.87,2097637,"16:03 ET"
MPWR,"Monolithic Power Sys",129.95,2.4,+1.88%,130.09,128.27,204560,"16:07 ET"
MSA,"Msa Safety Inc",103.61,0.90000000000001,+0.88%,104,102.35,136072,"16:02 ET"
MSM,"Msc Industrial Direct Company",73.06,0.96000000000001,+1.33%,73.06,71.83,294905,"16:02 ET"
MTDR,"Matador Resources Company",17.36,0.85,+5.15%,17.37,16.79,2198082,"16:02 ET"
MTX,"Minerals Technologies Inc",58.28,0.88,+1.53%,58.51,57.7,79378,"16:02 ET"
MTZ,"Mastec Inc",48.71,-0.13,-0.27%,49.37,48.52,549397,"16:02 ET"
MUR,"Murphy Oil Corp",23.88,0.75,+3.24%,23.9,23.41,1809041,"16:01 ET"
MUSA,"Murphy USA Inc",84.87,0.97,+1.16%,85.08,83.95,169438,"16:13 ET"
NATI,"Natl Instruments Cor",40.39,0.3,+0.75%,40.41,40,647113,"16:01 ET"
NAVI,"Navient Cp",13.36,0.16,+1.21%,13.38,13.16,1063293,"16:01 ET"
NCR,"NCR Corp",32.42,0.34,+1.06%,32.72,32.16,685272,"16:02 ET"
NDSN,"Nordson Corp",133.85,0.61,+0.46%,134.41,132.93,96927,"16:01 ET"
NEU,"Newmarket Corp",405,-0.75,-0.18%,407.59,403.59,25645,"16:02 ET"
NFG,"National Fuel Gas Company",53.77,0.44,+0.83%,53.79,53.39,472721,"16:09 ET"
NGVT,"Ingevity Corp",92.56,0.23,+0.25%,93.54,92,140933,"16:02 ET"
NJR,"Newjersey Resources Corp",49.9,0.37,+0.75%,49.96,49.59,303221,"16:02 ET"
NNN,"National Retail Properties",55.1,-0.11,-0.20%,55.4,54.71,593934,"16:02 ET"
NSP,"Insperity Inc",121.96,2.17,+1.81%,121.98,119.71,199716,"16:09 ET"
NTCT,"Netscout Systems",26.62,0.05,+0.19%,26.94,26.54,247304,"16:07 ET"
NUS,"Nu Skin Enterprises",51.24,0.43,+0.85%,52,50.31,391674,"16:02 ET"
NUVA,"Nuvasive Inc",59.65,0.29,+0.49%,60,59.16,245289,"16:03 ET"
NVR,"NVR Inc",3395.81,0.81,+0.02%,3420,3362,17037,"16:01 ET"
NVT,"Nvent Electric Plc",24.09,0.22,+0.92%,24.2,23.78,1020817,"16:02 ET"
NWE,"Northwestern Corp",72.47,0.030000000000001,+0.04%,72.83,72.03,149322,"16:02 ET"
NYCB,"New York Community Bancorp",9.65,-0.1,-1.03%,9.82,9.41,12944925,"16:01 ET"
NYT,"New York Times Company",32.95,-0.11,-0.33%,33.23,32.84,1172107,"16:02 ET"
OAS,"Oasis Petroleum Inc",4.87,0.26,+5.64%,4.87,4.61,9156233,"16:09 ET"
ODFL,"Old Dominion Freig",141.49,-0.51,-0.36%,143.67,141.02,386926,"16:01 ET"
OFC,"Corporate Office Properties",29.11,0.11,+0.38%,29.35,29.06,577759,"16:07 ET"
OGE,"Oge Energy Corp",43.23,-0.31,-0.71%,43.85,43.07,995055,"16:09 ET"
OGS,"One Gas Inc",90.79,0.24000000000001,+0.27%,91.15,90.46,164939,"16:02 ET"
OHI,"Omega Healthcare Investors",36.36,0.24,+0.66%,36.41,35.98,791111,"16:03 ET"
OI,Owens-Illinois,17.09,0.13,+0.77%,17.2,16.94,764031,"16:02 ET"
OII,"Oceaneering International",17.21,0.93,+5.71%,17.27,16.49,1335190,"16:01 ET"
OLED,"Universal Display",173.88,1.38,+0.80%,175.1,172.15,369319,"16:06 ET"
OLLI,"Ollies Bargain CS",93.89,-0.010000000000005,-0.01%,95.48,93.71,926143,"16:13 ET"
OLN,"Olin Corp",22.48,0.42,+1.90%,22.54,22.08,946698,"16:02 ET"
ORI,"Old Republic International Corp",22.72,0.029999999999998,+0.13%,22.78,22.47,709671,"16:02 ET"
OSK,"Oshkosh Truck Corp",80.16,1.34,+1.70%,80.22,78.7,375325,"16:01 ET"
OZK,"Bank Ozk",30.52,0.03,+0.10%,30.84,30.38,352927,"16:07 ET"
PACW,"Pacwest Bancorp",38.27,0.15,+0.39%,38.55,38.06,366090,"16:01 ET"
PB,"Prosperity Bancshares",66.85,-0.85,-1.26%,67.89,66.55,166614,"16:05 ET"
PBF,"PBF Energy Inc",24.47,0.07,+0.29%,24.95,24.14,2582871,"16:03 ET"
PBH,"Prestige Brand Holdings",30.41,-0.19,-0.62%,30.8,30.2,422743,"16:02 ET"
PCH,"Potlatch Cp",37.29,0.41,+1.11%,37.65,36.92,464808,"16:06 ET"
PDCO,"Patterson Companies",22.33,0.16,+0.72%,22.48,22.05,546943,"16:01 ET"
PEB,"Pebblebrook Hotel Trust",28.95,0.38,+1.33%,28.96,28.53,876325,"16:02 ET"
PENN,"Penn Natl Gaming Inc",19.98,0.14,+0.71%,20.26,19.82,818235,"16:06 ET"
PII,"Polaris Industries Inc",90.27,1.11,+1.24%,90.32,89.27,224017,"16:02 ET"
PLT,Plantronics,47,1.32,+2.89%,47.46,45.77,356444,"16:02 ET"
PNFP,"Pinnacle Finl Ptnrs",55.72,-0.19,-0.34%,56.33,55.5,276909,"16:01 ET"
PNM,"PNM Resources Inc",50.53,0.36,+0.72%,50.54,49.99,349831,"16:02 ET"
POL,"Polyone Corp",29.49,0.42,+1.44%,29.5,28.95,539862,"16:02 ET"
POOL,"Pool Corp",191.02,2.68,+1.42%,193.03,187.77,132662,"16:01 ET"
POST,"Post Holdings Inc",104.8,-1,-0.95%,106.47,104.17,386563,"16:02 ET"
PRAH,"Pra Health",96.42,0.46,+0.48%,96.45,94.5,360059,"16:06 ET"
PRI,"Primerica Inc",122.02,-0.070000000000007,-0.06%,123.38,121.51,143811,"16:02 ET"
PRSP,"Perspecta Inc",23.02,-0.18,-0.78%,23.39,22.94,767868,"16:03 ET"
PSB,"Business Parks",170.8,1.43,+0.84%,170.8,167.01,99192,"16:03 ET"
PTC,"Ptc Inc",86.32,-1.15,-1.31%,87.69,85.89,614206,"16:01 ET"
PTEN,"Patterson-Uti Energy",11.03,0.72,+6.98%,11.63,10.29,10263348,"16:07 ET"
PZZA,"Papa John's Intl",50.5,1.15,+2.33%,50.74,49.22,518609,"16:01 ET"
QEP,"Qep Resources",5.96,0.16,+2.76%,6.03,5.76,3668195,"16:02 ET"
R,"Ryder System",56.97,0.92,+1.64%,57.04,56.07,265546,"16:01 ET"
RAMP,"Liveramp Holdings Inc",52.52,0.9,+1.74%,52.79,51.48,516330,"16:03 ET"
RBC,"Regal-Beloit Corp",80.71,0.75999999999999,+0.95%,81.2,79.48,496116,"16:02 ET"
REZI,"Resideo Technologies Inc",20.95,0.17,+0.82%,21.14,20.67,440725,"16:01 ET"
RGA,"Reinsurance Group of America Inc",151.77,0.68000000000001,+0.45%,151.99,150.49,344286,"16:01 ET"
RGLD,"Royal Gold Inc",94.57,0.92,+0.98%,94.72,93.5,283883,"16:01 ET"
RIG,"Transocean Inc",5.68,0.18,+3.27%,5.7,5.45,23458883,"16:04 ET"
RLGY,"Realogy Holdings Corp",6.93,0.38,+5.80%,6.95,6.53,2391046,"16:02 ET"
RNR,"Renaissancere Holdings Ltd",177.12,1.02,+0.58%,178.01,175.24,335182,"16:02 ET"
RPM,"RPM International Inc",60.99,0.35,+0.58%,61.25,60.7,418525,"16:02 ET"
RRC,"Range Resources Corp",6.74,0.18,+2.74%,6.79,6.59,6980748,"16:02 ET"
RS,"Reliance Steel & Aluminum Company",89.55,0.48,+0.54%,89.94,88.7,300361,"16:02 ET"
RYN,"Rayonier Inc REIT",30.63,0.31,+1.02%,30.78,30.34,419121,"16:02 ET"
SABR,"Sabre Corp",22.28,0.28,+1.27%,22.37,21.99,1134640,"16:07 ET"
SAFM,"Sanderson Farms IN",144.18,-0.96,-0.66%,148.37,142.5,400536,"16:03 ET"
SAIC,"Science Applications Internatio",87.17,1.52,+1.77%,87.26,85.21,520571,"16:03 ET"
SAM,"Boston Beer Company",341.85,3.64,+1.08%,342.4,337.3,81248,"16:09 ET"
SBH,"Sally Beauty Holdings",14.86,0.1,+0.68%,14.93,14.61,1256022,"16:13 ET"
SBNY,"Signature Bank",117.21,1.36,+1.17%,118.44,116.04,455740,"16:06 ET"
SBRA,"Sabra REIT",19.48,0.16,+0.83%,19.55,19.21,1270932,"16:15 ET"
SCI,"Service Corp International",45.93,0.66,+1.46%,45.95,45.14,853145,"16:01 ET"
SEIC,"Sei Investments CO",53.99,0.11,+0.20%,54.11,53.53,498040,"16:06 ET"
SF,"Stifel Financial Corp",57.5,0.44,+0.77%,57.66,57.05,282267,"16:02 ET"
SFM,"Sprouts Farmers Mark",20.84,0.1,+0.48%,21,20.76,1114137,"16:13 ET"
SGMS,"Scientific Games",21.33,0.72,+3.49%,21.35,20.48,825214,"16:07 ET"
SIG,"Signet Jewelers Ltd",19.12,0.43,+2.30%,19.2,18.41,1546198,"16:13 ET"
SIX,"Six Flags Entertainment Corp",50.87,-0.65000000000001,-1.26%,51.8,50.7,968279,"16:02 ET"
SKT,"Tanger Factory Outlet Centers",16.52,0.36,+2.23%,16.64,16.17,1502287,"16:02 ET"
SKX,"Skechers U.S.A.",30.04,0.09,+0.30%,30.28,29.9,865607,"16:01 ET"
SLAB,"Silicon Labs Inc",98.79,0.87,+0.89%,99.39,97.92,177790,"16:06 ET"
SLGN,"Silgan Holdings",29.5,-0.66,-2.19%,30.37,29.47,1812026,"16:07 ET"
SLM,"SLM Corp",9.6,0.06,+0.63%,9.68,9.49,2927877,"16:07 ET"
SM,"Sm Energy Company",10.9,0.15,+1.40%,11.15,10.74,2520537,"16:01 ET"
SMG,"Scotts Miracle-Gro Company",94.86,1.05,+1.12%,94.97,93.71,266464,"16:02 ET"
SMTC,"Semtech Corp",44.02,0.78,+1.80%,44.23,43.18,437059,"16:06 ET"
SNH,"Senior Housing Properties Trust",8.47,0.33,+4.05%,8.47,8.14,2845582,"16:07 ET"
SNV,"Synovus Financial Corp",32.96,0.12,+0.37%,33.3,32.81,650458,"16:09 ET"
SNX,"Synnex Corp",94.77,1.89,+2.03%,95.36,93.35,316424,"16:03 ET"
SON,"Sonoco Products Company",65.68,-0.099999999999994,-0.15%,66.23,65.23,348257,"16:02 ET"
SR,"Spire Inc",84.74,0.039999999999992,+0.05%,85.25,84.16,124102,"16:02 ET"
SRCL,"Stericycle Inc",45.67,0.78,+1.74%,45.74,44.95,498945,"16:06 ET"
STE,"Steris Corp",141.83,-0.55999999999997,-0.39%,142.98,140.67,435795,"16:02 ET"
STL,"Sterling Bancorp",20.38,0,0.00%,20.65,20.33,1351886,"16:02 ET"
STLD,"Steel Dynamics Inc",26.67,0.64,+2.46%,26.91,26.03,2445470,"16:06 ET"
SWN,"Southwestern Energy Company",3.21,0.08,+2.56%,3.21,3.05,19723768,"16:09 ET"
SWX,"Southwest Gas Corp",88.1,0.61999999999999,+0.71%,88.71,87.87,169947,"16:02 ET"
SXT,"Sensient Technologies Corp",74.77,0.28,+0.38%,75.21,74.27,118525,"16:02 ET"
SYNA,"Synaptics Inc",28.9,0.83,+2.96%,28.96,27.77,717925,"16:01 ET"
SYNH,"Syneos Health Inc",47.09,-0.27,-0.57%,47.59,46.68,328948,"16:06 ET"
TCBI,"Texas Capital Bncsh",59.45,0.17,+0.29%,60.24,59.13,360942,"16:01 ET"
TCF,"TCF Financial Corp",19.7,0.23,+1.18%,19.87,19.5,1184566,"16:02 ET"
TCO,"Taubman Centers",43.91,0.61,+1.41%,44.14,42.59,594974,"16:01 ET"
TDC,"Teradata Corp",36.34,0.29,+0.80%,36.45,35.92,819097,"16:09 ET"
TDS,"Telephone and Data Systems",29.72,0.17,+0.58%,29.86,29.51,263999,"16:02 ET"
TDY,"Teledyne Technologies Inc",254.75,1.46,+0.58%,255.74,249.43,119884,"16:02 ET"
TECD,"Tech Data Cp",99.13,1.22,+1.25%,99.46,98.06,281683,"16:07 ET"
TECH,"Bio-Techne Cp",211.24,-4.19,-1.94%,216.47,209.82,102501,"16:01 ET"
TER,"Teradyne Inc",45.09,-0.36,-0.79%,46.05,44.77,1502668,"16:06 ET"
TEX,"Terex Corp",29.05,0.97,+3.45%,29.05,28.26,733265,"16:02 ET"
TGNA,"Tegna Inc",14.82,0.01,+0.07%,14.9,14.46,5225555,"16:03 ET"
THC,"Tenet Healthcare Corp",21.19,0.54,+2.62%,21.2,20.55,856196,"16:02 ET"
THG,"The Hanover Insurance Group",126.83,2.16,+1.73%,126.97,124.73,328632,"16:09 ET"
THO,"Thor Industries",54.28,0.16,+0.30%,55.1,53.52,920692,"16:02 ET"
THS,"Treehouse Foods",55.29,0.16,+0.29%,55.72,54.83,480266,"16:04 ET"
TKR,"Timken Company",48.32,0.34,+0.71%,48.78,48.09,566685,"16:02 ET"
TOL,"Toll Brothers Inc",37.64,0.64,+1.73%,37.87,37.14,1282149,"16:01 ET"
TPH,"Tri Pointe Homes Inc",12.62,0.03,+0.24%,12.83,12.54,1149509,"16:01 ET"
TPX,"Tempur-Pedic International Inc",68.65,0.25,+0.37%,68.99,68.13,458166,"16:02 ET"
TR,"Tootsie Roll Industries",38.7,-0.82,-2.07%,39.7,38.63,77115,"16:02 ET"
TREE,"Lendingtree Inc",388.47,1.35,+0.35%,392.5,386.17,137098,"16:01 ET"
TREX,"Trex Company",70.81,1.11,+1.59%,70.87,69.88,703684,"16:02 ET"
TRMB,"Trimble Navigation",43.06,0.46,+1.08%,43.06,42.63,869837,"16:01 ET"
TRMK,"Trustmark Corp",32.47,0.09,+0.28%,32.81,32.35,169267,"16:01 ET"
TRN,"Trinity Industries",20.05,0.07,+0.35%,20.18,19.86,1107643,"16:01 ET"
TTC,"Toro Company",68.37,0.18000000000001,+0.26%,68.7,67.91,269294,"16:02 ET"
TUP,"Tupperware Corp",20.57,0.010000000000002,+0.05%,20.77,20.44,341831,"16:02 ET"
TXRH,"Texas Roadhouse Inc",54.12,0.33,+0.61%,54.45,53.64,852069,"16:07 ET"
TYL,"Tyler Technologies",219.39,-3.08,-1.38%,224,218.02,228332,"16:02 ET"
UBSI,"United Bkshs Inc",36.74,-0.32,-0.86%,37.17,36.6,241991,"16:01 ET"
UE,"Urban Edge Properties",17.57,0.22,+1.27%,17.59,17.37,447416,"16:02 ET"
UFS,"Domtar Corp",44.23,0.18,+0.41%,44.58,43.37,527630,"16:02 ET"
UGI,"Ugi Corp",52.72,0.049999999999997,+0.09%,53.1,52.5,888632,"16:03 ET"
UMBF,"Ump Financial Corp",63.77,0.13,+0.20%,64.34,63.49,125548,"16:01 ET"
UMPQ,"Umpqua Holdings Corp",16.4,0.1,+0.61%,16.52,16.31,597195,"16:01 ET"
UNIT,"Uniti Group Inc",10.58,0.11,+1.05%,10.72,10.49,2206712,"16:07 ET"
URBN,"Urban Outfitters Inc",22.99,0.21,+0.92%,23.17,22.61,1642149,"16:13 ET"
UTHR,"United Therapeutic",81.07,0.76,+0.95%,81.24,79.5,669536,"16:06 ET"
VAC,"Marriot Vacations Worldwide Cor",97.43,-0.27,-0.28%,98.91,96.9,207034,"16:02 ET"
VC,"Visteon Corp",52.49,1.13,+2.20%,52.53,50.46,541382,"16:07 ET"
VLY,"Valley National Bancorp",10.35,-0.11,-1.05%,10.45,10.28,1238478,"16:01 ET"
VMI,"Valmont Industries",118.33,0.59999999999999,+0.51%,119.48,117.99,88543,"16:02 ET"
VSAT,"Viasat Inc",87.78,-0.06,-0.07%,88.8,87.06,611974,"16:07 ET"
VSH,"Vishay Intertechnology",15.86,0.31,+1.99%,15.89,15.6,733214,"16:02 ET"
VSM,"Versum Materials Inc",51.49,-0.15,-0.29%,51.62,51.46,554192,"16:03 ET"
VVV,"Valvoline Inc",19.25,0.12,+0.63%,19.29,19.06,832107,"16:08 ET"
WAFD,"Washington Federal",33.21,0.08,+0.24%,33.47,33.13,262822,"16:01 ET"
WBS,"Webster Financial Corp",46.26,0.41,+0.89%,46.49,45.98,478221,"16:02 ET"
WEN,"Wendys Company",19.48,0.1,+0.52%,19.59,19.4,1690232,"16:06 ET"
WERN,"Werner Enterprise",30.45,0.49,+1.64%,30.46,29.96,549349,"16:06 ET"
WEX,"Wex Inc",203.06,2.46,+1.23%,204.55,200.74,173278,"16:02 ET"
WH,"Wyndham Hotels & Resorts Inc",56.16,-0.050000000000004,-0.09%,56.61,55.8,343899,"16:04 ET"
WOR,"Worthington Industries",36.79,0.58,+1.60%,37.01,36.31,104869,"16:02 ET"
WPX,"Wpx Energy Inc",10.77,0.11,+1.03%,10.99,10.72,7082663,"16:03 ET"
WRB,"W.R. Berkley Corp",64.87,0.16,+0.25%,65.01,64.26,464629,"16:03 ET"
WRI,"Weingarten Realty Investors",28.41,0.16,+0.57%,28.47,28.16,856840,"16:03 ET"
WSM,Williams-Sonoma,61.28,2.83,+4.84%,62.69,60.02,2590559,"16:03 ET"
WSO,"Watsco Inc",164.5,-0.41999999999999,-0.25%,166.18,164.01,141181,"16:02 ET"
WST,"West Pharmaceutical Services",121.9,-0.28999999999999,-0.24%,123.44,121.41,258834,"16:02 ET"
WTFC,"Wintrust Finl Corp",71.83,-0.52,-0.72%,73.35,71.62,434905,"16:07 ET"
WTR,"Aqua America",40.8,-0.32,-0.78%,41.4,40.58,753397,"16:02 ET"
WW,"Weight Watchers International Inc",21.1,0.76,+3.74%,21.48,20.28,1622112,"16:01 ET"
WWD,"Woodward Inc",115.41,0.79,+0.69%,115.81,113.63,299725,"16:06 ET"
WWE,"World Wrestling Entertainment",75.55,2.57,+3.52%,76.26,72.01,1115489,"16:08 ET"
WYND,"Wyndham Destinations Inc",42.87,0.4,+0.94%,43.04,42.37,381749,"16:02 ET"
X,"United States Steel Corp",14.27,0.52,+3.78%,14.28,13.76,8420050,"16:09 ET"
XPO,"Xpo Logistics Inc",57.49,1.46,+2.61%,57.62,56.4,631418,"16:01 ET"
Y,"Alleghany Corp",687,0.20000000000005,+0.03%,690.05,679.23,135355,"16:02 ET"
YELP,"Yelp Inc",32.34,0.36,+1.13%,32.44,31.97,548746,"16:01 ET"
ZBRA,"Zebra Technologies",194,0.37,+0.19%,194.58,191.33,482207,"16:06 ET"
"Downloaded from Barchart.com as of 06-13-2019 03:35pm CDT"
